val/loss,epoch,step,train/loss
0.001796674681827426,0,35529,
,0,35529,0.00677883718162775
0.0017970043700188398,1,71059,
,1,71059,0.002189547987654805
