val/loss,epoch,step,train/loss
27.90850257873535,0,5872,
,0,5872,27.25823402404785
